box2df_out,,2275,"pub fn box2df_out() -> Result<_2275, Error>",,2275
gidx_in,,89899,,,89899
gidx_out,,2275,,,2275
raster_hash,,23,,,23
geometry_lt,"{geom1,geom2}",16,,,16
_postgis_deprecate,"{oldname,newname,version}",2278,,,2278
spheroid_in,,89856,,,89856
spheroid_out,,2275,,,2275
geometry_in,,89860,,,89860
geometry_out,,2275,,,2275
geometry_typmod_in,,23,,,23
geometry_typmod_out,,2275,,,2275
geometry_analyze,,16,,,16
geometry_recv,,89860,,,89860
geometry_send,,17,,,17
geometry,,89860,,,89860
geometry,,89860,,,89860
point,,600,,,600
geometry,,89860,,,89860
path,,602,,,602
geometry,,89860,,,89860
polygon,,604,,,604
st_x,,701,,,701
st_y,,701,,,701
st_z,,701,,,701
st_m,,701,,,701
box3d_in,,89887,,,89887
box3d_out,,2275,,,2275
box2d_in,,89891,,,89891
box2d_out,,2275,,,2275
box2df_in,,89895,,,89895
geometry_le,"{geom1,geom2}",16,,,16
geometry_gt,"{geom1,geom2}",16,,,16
geometry_ge,"{geom1,geom2}",16,,,16
geometry_eq,"{geom1,geom2}",16,,,16
geometry_cmp,"{geom1,geom2}",23,,,23
geometry_gist_distance_2d,,701,,,701
geometry_gist_consistent_2d,,16,,,16
geometry_gist_compress_2d,,2281,,,2281
geometry_gist_penalty_2d,,2281,,,2281
geometry_gist_picksplit_2d,,2281,,,2281
geometry_gist_union_2d,,2281,,,2281
geometry_gist_same_2d,"{geom1,geom2,""}",2281,,,2281
geometry_gist_decompress_2d,,2281,,,2281
_postgis_selectivity,"{tbl,att_name,geom,mode}",701,,,701
_postgis_join_selectivity,,701,,,701
_postgis_stats,"{tbl,att_name,""}",25,,,25
gserialized_gist_sel_2d,,701,,,701
gserialized_gist_sel_nd,,701,,,701
gserialized_gist_joinsel_2d,,701,,,701
gserialized_gist_joinsel_nd,,701,,,701
geometry_overlaps,"{geom1,geom2}",16,,,16
geometry_same,"{geom1,geom2}",16,,,16
geometry_distance_centroid,"{geom1,geom2}",701,,,701
geometry_distance_box,"{geom1,geom2}",701,,,701
geometry_contains,"{geom1,geom2}",16,,,16
geometry_within,"{geom1,geom2}",16,,,16
geometry_left,"{geom1,geom2}",16,,,16
geometry_overleft,"{geom1,geom2}",16,,,16
geometry_below,"{geom1,geom2}",16,,,16
geometry_overbelow,"{geom1,geom2}",16,,,16
geometry_overright,"{geom1,geom2}",16,,,16
geometry_right,"{geom1,geom2}",16,,,16
geometry_overabove,"{geom1,geom2}",16,,,16
geometry_above,"{geom1,geom2}",16,,,16
geometry_gist_consistent_nd,,16,,,16
geometry_gist_compress_nd,,2281,,,2281
geometry_gist_penalty_nd,,2281,,,2281
geometry_gist_picksplit_nd,,2281,,,2281
geometry_gist_union_nd,,2281,,,2281
geometry_gist_same_nd,,2281,,,2281
geometry_gist_decompress_nd,,2281,,,2281
geometry_overlaps_nd,,16,,,16
geometry_distance_centroid_nd,,701,,,701
geometry_distance_cpa,,701,,,701
geometry_gist_distance_nd,,701,,,701
st_shiftlongitude,,89860,,,89860
st_wrapx,"{geom,wrap,move}",89860,,,89860
st_shift_longitude,,89860,,,89860
st_xmin,,701,,,701
st_ymin,,701,,,701
st_zmin,,701,,,701
st_xmax,,701,,,701
st_ymax,,701,,,701
st_zmax,,701,,,701
st_expand,,89891,,,89891
st_expand,"{box,dx,dy}",89891,,,89891
postgis_getbbox,,89891,,,89891
st_makebox2d,"{geom1,geom2}",89891,,,89891
st_estimatedextent,,89891,,,89891
st_estimatedextent,,89891,,,89891
st_estimated_extent,,89891,,,89891
st_estimatedextent,,89891,,,89891
st_estimated_extent,,89891,,,89891
st_findextent,,89891,,,89891
st_find_extent,,89891,,,89891
st_findextent,,89891,,,89891
st_find_extent,,89891,,,89891
postgis_addbbox,,89860,,,89860
postgis_dropbbox,,89860,,,89860
postgis_hasbbox,,16,,,16
st_memsize,,23,,,23
st_mem_size,,23,,,23
st_summary,,25,,,25
st_npoints,,23,,,23
st_nrings,,23,,,23
st_3dlength,,701,,,701
st_length2d,,701,,,701
st_length,,701,,,701
st_lengthspheroid,,701,,,701
st_3dlength_spheroid,,701,,,701
st_length_spheroid,,701,,,701
st_length2dspheroid,,701,,,701
st_length2d_spheroid,,701,,,701
st_3dperimeter,,701,,,701
st_perimeter2d,,701,,,701
st_perimeter,,701,,,701
st_area2d,,701,,,701
st_area,,701,,,701
st_distancespheroid,"{geom1,geom2,""}",701,,,701
st_distance_spheroid,"{geom1,geom2,""}",701,,,701
st_distance,"{geom1,geom2}",701,,,701
st_pointinsidecircle,,16,,,16
st_point_inside_circle,,16,,,16
st_azimuth,"{geom1,geom2}",701,,,701
st_force2d,,89860,,,89860
st_force_2d,,89860,,,89860
st_force3dz,,89860,,,89860
st_force_3dz,,89860,,,89860
st_force3d,,89860,,,89860
st_force_3d,,89860,,,89860
st_force3dm,,89860,,,89860
st_force_3dm,,89860,,,89860
st_force4d,,89860,,,89860
st_force_4d,,89860,,,89860
st_forcecollection,,89860,,,89860
st_force_collection,,89860,,,89860
st_collectionextract,,89860,,,89860
st_collectionhomogenize,,89860,,,89860
st_multi,,89860,,,89860
st_forcecurve,,89860,,,89860
st_forcesfs,,89860,,,89860
st_forcesfs,"{"",version}",89860,,,89860
st_expand,,89887,,,89887
st_expand,"{box,dx,dy,dz}",89887,,,89887
st_expand,,89860,,,89860
st_expand,"{geom,dx,dy,dz,dm}",89860,,,89860
st_envelope,,89860,,,89860
st_boundingdiagonal,"{geom,fits}",89860,,,89860
st_reverse,,89860,,,89860
st_forcerhr,,89860,,,89860
postgis_noop,,89860,,,89860
st_normalize,{geom},89860,,,89860
st_zmflag,,21,,,21
st_ndims,,21,,,21
st_asewkt,,25,,,25
st_astwkb,"{geom,prec,prec_z,prec_m,with_sizes,with_boxes}",17,,,17
st_astwkb,"{geom,ids,prec,prec_z,prec_m,with_sizes,with_boxes}",17,,,17
st_asewkb,,17,,,17
st_ashexewkb,,25,,,25
st_ashexewkb,,25,,,25
st_asewkb,,17,,,17
st_aslatlontext,"{geom,tmpl}",25,,,25
geomfromewkb,,89860,,,89860
st_geomfromewkb,,89860,,,89860
st_geomfromtwkb,,89860,,,89860
geomfromewkt,,89860,,,89860
st_geomfromewkt,,89860,,,89860
postgis_cache_bbox,,2279,,,2279
st_makepoint,,89860,,,89860
st_makepoint,,89860,,,89860
st_makepoint,,89860,,,89860
st_makepointm,,89860,,,89860
st_3dmakebox,"{geom1,geom2}",89887,,,89887
st_makeline,,89860,,,89860
st_linefrommultipoint,,89860,,,89860
st_makeline,"{geom1,geom2}",89860,,,89860
st_addpoint,"{geom1,geom2}",89860,,,89860
st_addpoint,"{geom1,geom2,""}",89860,,,89860
st_removepoint,,89860,,,89860
st_setpoint,,89860,,,89860
st_makeenvelope,,89860,,,89860
st_makepolygon,,89860,,,89860
st_makepolygon,,89860,,,89860
st_buildarea,,89860,,,89860
st_polygonize,,89860,,,89860
st_clusterintersecting,,89868,,,89868
st_clusterwithin,,89868,,,89868
st_clusterdbscan,"{"",eps,minpoints}",23,,,23
st_linemerge,,89860,,,89860
st_affine,,89860,,,89860
st_affine,,89860,,,89860
st_rotate,,89860,,,89860
st_rotate,,89860,,,89860
st_rotate,,89860,,,89860
st_rotatez,,89860,,,89860
st_rotatex,,89860,,,89860
st_rotatey,,89860,,,89860
st_translate,,89860,,,89860
st_translate,,89860,,,89860
st_scale,,89860,,,89860
st_scale,,89860,,,89860
st_scale,,89860,,,89860
st_transscale,,89860,,,89860
st_dump,,90146,,,90146
st_dumprings,,90146,,,90146
_st_dumppoints,"{the_geom,cur_path}",90146,,,90146
st_dumppoints,,90146,,,90146
st_line_locate_point,"{geom1,geom2}",701,,,701
st_locate_between_measures,,89860,,,89860
st_locate_along_measure,,89860,,,89860
st_addmeasure,,89860,,,89860
populate_geometry_columns,{use_typmod},25,,,25
populate_geometry_columns,"{tbl_oid,use_typmod}",23,,,23
addgeometrycolumn,"{catalog_name,schema_name,table_name,column_name,new_srid_in,new_type,new_dim,use_typmod}",25,,,25
addgeometrycolumn,"{schema_name,table_name,column_name,new_srid,new_type,new_dim,use_typmod}",25,,,25
addgeometrycolumn,"{table_name,column_name,new_srid,new_type,new_dim,use_typmod}",25,,,25
dropgeometrycolumn,"{catalog_name,schema_name,table_name,column_name}",25,,,25
dropgeometrycolumn,"{schema_name,table_name,column_name}",25,,,25
dropgeometrycolumn,"{table_name,column_name}",25,,,25
dropgeometrytable,"{catalog_name,schema_name,table_name}",25,,,25
dropgeometrytable,"{schema_name,table_name}",25,,,25
dropgeometrytable,{table_name},25,,,25
st_closestpointofapproach,,701,,,701
st_distancecpa,,701,,,701
st_cpawithin,,16,,,16
st_isvalidtrajectory,,16,,,16
updategeometrysrid,"{catalogn_name,schema_name,table_name,column_name,new_srid_in}",25,,,25
updategeometrysrid,,25,,,25
updategeometrysrid,,25,,,25
find_srid,,23,,,23
get_proj4_from_srid,,25,,,25
st_setsrid,,89860,,,89860
st_srid,,23,,,23
postgis_transform_geometry,,89860,,,89860
st_transform,,89860,,,89860
st_transform,"{geom,to_proj}",89860,,,89860
st_transform,"{geom,from_proj,to_proj}",89860,,,89860
st_transform,"{geom,from_proj,to_srid}",89860,,,89860
postgis_version,,25,,,25
postgis_liblwgeom_version,,25,,,25
postgis_proj_version,,25,,,25
postgis_scripts_installed,,25,,,25
postgis_lib_version,,25,,,25
postgis_scripts_released,,25,,,25
postgis_geos_version,,25,,,25
postgis_svn_version,,25,,,25
postgis_libxml_version,,25,,,25
postgis_scripts_build_date,,25,,,25
postgis_lib_build_date,,25,,,25
st_intersection,"{geom1,geom2}",89860,,,89860
st_buffer,,89860,,,89860
postgis_full_version,,25,,,25
box2d,,89891,,,89891
box3d,,89887,,,89887
box,,603,,,603
box2d,,89891,,,89891
box3d,,89887,,,89887
box,,603,,,603
text,,25,,,25
box3dtobox,,603,,,603
geometry,,89860,,,89860
geometry,,89860,,,89860
geometry,,89860,,,89860
geometry,,89860,,,89860
bytea,,17,,,17
st_simplify,,89860,,,89860
st_simplify,,89860,,,89860
st_simplifyvw,,89860,,,89860
st_seteffectivearea,,89860,,,89860
st_snaptogrid,,89860,,,89860
st_snaptogrid,,89860,,,89860
st_snaptogrid,,89860,,,89860
st_snaptogrid,"{geom1,geom2,"","","",""}",89860,,,89860
st_segmentize,,89860,,,89860
st_lineinterpolatepoint,,89860,,,89860
st_line_interpolate_point,,89860,,,89860
st_linesubstring,,89860,,,89860
st_line_substring,,89860,,,89860
st_linelocatepoint,"{geom1,geom2}",701,,,701
_st_buffer,,89860,,,89860
st_buffer,,89860,,,89860
st_buffer,,89860,,,89860
st_minimumboundingradius,"{"",center,radius}",2249,,,2249
st_minimumboundingcircle,"{inputgeom,segs_per_quarter}",89860,,,89860
st_offsetcurve,"{line,distance,params}",89860,,,89860
st_generatepoints,"{area,npoints}",89860,,,89860
st_convexhull,,89860,,,89860
_st_linecrossingdirection,"{geom1,geom2}",23,,,23
st_linecrossingdirection,"{geom1,geom2}",23,,,23
st_simplifypreservetopology,,89860,,,89860
st_isvalidreason,,25,,,25
st_isvaliddetail,,90260,,,90260
st_isvaliddetail,,90260,,,90260
st_isvalidreason,,25,,,25
st_isvalid,,16,,,16
st_hausdorffdistance,"{geom1,geom2}",701,,,701
st_hausdorffdistance,"{geom1,geom2,""}",701,,,701
st_difference,"{geom1,geom2}",89860,,,89860
st_boundary,,89860,,,89860
st_points,,89860,,,89860
st_symdifference,"{geom1,geom2}",89860,,,89860
st_symmetricdifference,"{geom1,geom2}",89860,,,89860
st_union,"{geom1,geom2}",89860,,,89860
st_unaryunion,,89860,,,89860
st_removerepeatedpoints,"{geom,tolerance}",89860,,,89860
st_clipbybox2d,"{geom,box}",89860,,,89860
st_subdivide,"{geom,maxvertices}",89860,,,89860
st_makevalid,,89860,,,89860
st_cleangeometry,,89860,,,89860
st_split,"{geom1,geom2}",89860,,,89860
st_sharedpaths,"{geom1,geom2}",89860,,,89860
st_snap,"{geom1,geom2,""}",89860,,,89860
st_relatematch,,16,,,16
st_node,{g},89860,,,89860
st_delaunaytriangles,"{g1,tolerance,flags}",89860,,,89860
_st_voronoi,"{g1,clip,tolerance,return_polygons}",89860,,,89860
st_voronoipolygons,"{g1,tolerance,extend_to}",89860,,,89860
st_voronoilines,"{g1,tolerance,extend_to}",89860,,,89860
st_combinebbox,,89887,,,89887
st_combinebbox,,89887,,,89887
st_combine_bbox,,89887,,,89887
st_combinebbox,,89891,,,89891
st_combine_bbox,,89891,,,89891
st_extent,,89891,,,89891
st_3dextent,,89887,,,89887
st_collect,"{geom1,geom2}",89860,,,89860
st_memcollect,,89860,,,89860
st_collect,,89860,,,89860
st_memunion,,89860,,,89860
pgis_abs_in,,90299,,,90299
pgis_abs_out,,2275,,,2275
pgis_geometry_accum_transfn,,90299,,,90299
pgis_geometry_accum_transfn,,90299,,,90299
pgis_geometry_accum_transfn,,90299,,,90299
pgis_geometry_accum_finalfn,,89868,,,89868
pgis_geometry_union_finalfn,,89860,,,89860
pgis_geometry_collect_finalfn,,89860,,,89860
pgis_geometry_polygonize_finalfn,,89860,,,89860
pgis_geometry_clusterintersecting_finalfn,,89868,,,89868
pgis_geometry_clusterwithin_finalfn,,89868,,,89868
pgis_geometry_makeline_finalfn,,89860,,,89860
st_accum,,89868,,,89868
st_union,,89860,,,89860
st_union,,89860,,,89860
st_collect,,89860,,,89860
st_clusterintersecting,,89868,,,89868
st_clusterwithin,,89868,,,89868
st_polygonize,,89860,,,89860
st_makeline,,89860,,,89860
st_clusterkmeans,"{geom,k}",23,,,23
st_relate,"{geom1,geom2}",25,,,25
st_relate,"{geom1,geom2,""}",25,,,25
st_relate,"{geom1,geom2,""}",16,,,16
st_disjoint,"{geom1,geom2}",16,,,16
_st_touches,"{geom1,geom2}",16,,,16
st_touches,"{geom1,geom2}",16,,,16
_st_dwithin,"{geom1,geom2,""}",16,,,16
st_dwithin,"{geom1,geom2,""}",16,,,16
_st_intersects,"{geom1,geom2}",16,,,16
st_intersects,"{geom1,geom2}",16,,,16
_st_crosses,"{geom1,geom2}",16,,,16
st_crosses,"{geom1,geom2}",16,,,16
_st_contains,"{geom1,geom2}",16,,,16
st_contains,"{geom1,geom2}",16,,,16
_st_coveredby,"{geom1,geom2}",16,,,16
st_coveredby,"{geom1,geom2}",16,,,16
_st_covers,"{geom1,geom2}",16,,,16
st_covers,"{geom1,geom2}",16,,,16
_st_containsproperly,"{geom1,geom2}",16,,,16
st_containsproperly,"{geom1,geom2}",16,,,16
_st_overlaps,"{geom1,geom2}",16,,,16
_st_within,"{geom1,geom2}",16,,,16
st_within,"{geom1,geom2}",16,,,16
st_overlaps,"{geom1,geom2}",16,,,16
st_isvalid,,16,,,16
st_minimumclearance,,701,,,701
st_minimumclearanceline,,89860,,,89860
st_centroid,,89860,,,89860
st_geometricmedian,"{g,tolerance,max_iter,fail_if_not_converged}",89860,,,89860
st_isring,,16,,,16
st_pointonsurface,,89860,,,89860
st_issimple,,16,,,16
st_iscollection,,16,,,16
_st_equals,"{geom1,geom2}",16,,,16
st_equals,"{geom1,geom2}",16,,,16
equals,"{geom1,geom2}",16,,,16
_st_geomfromgml,,89860,,,89860
st_geomfromgml,,89860,,,89860
st_geomfromgml,,89860,,,89860
st_gmltosql,,89860,,,89860
st_gmltosql,,89860,,,89860
st_geomfromkml,,89860,,,89860
st_geomfromgeojson,,89860,,,89860
postgis_libjson_version,,25,,,25
st_linefromencodedpolyline,,89860,,,89860
st_asencodedpolyline,"{geom,""}",25,,,25
st_numinteriorring,,23,,,23
st_assvg,"{geom,rel,maxdecimaldigits}",25,,,25
_st_asgml,,25,,,25
st_asgml,"{geom,maxdecimaldigits,options}",25,,,25
st_asgml,"{version,geom,maxdecimaldigits,options,nprefix,id}",25,,,25
_st_askml,,25,,,25
st_askml,"{geom,maxdecimaldigits}",25,,,25
st_askml,"{version,geom,maxdecimaldigits,nprefix}",25,,,25
st_asgeojson,"{geom,maxdecimaldigits,options}",25,,,25
_st_asgeojson,,25,,,25
st_asgeojson,"{gj_version,geom,maxdecimaldigits,options}",25,,,25
st_geohash,"{geom,maxchars}",25,,,25
st_box2dfromgeohash,,89891,,,89891
st_pointfromgeohash,,89860,,,89860
st_geomfromgeohash,,89860,,,89860
st_numpoints,,23,,,23
st_numgeometries,,23,,,23
st_geometryn,,89860,,,89860
st_dimension,,23,,,23
st_exteriorring,,89860,,,89860
st_numinteriorrings,,23,,,23
st_interiorringn,,89860,,,89860
geometrytype,,25,,,25
st_geometrytype,,25,,,25
st_pointn,,89860,,,89860
st_numpatches,,23,,,23
st_patchn,,89860,,,89860
st_startpoint,,89860,,,89860
st_endpoint,,89860,,,89860
st_isclosed,,16,,,16
st_isempty,,16,,,16
st_asbinary,,17,,,17
st_asbinary,,17,,,17
st_astext,,25,,,25
st_geometryfromtext,,89860,,,89860
st_geometryfromtext,,89860,,,89860
st_geomfromtext,,89860,,,89860
st_geomfromtext,,89860,,,89860
st_wkttosql,,89860,,,89860
st_pointfromtext,,89860,,,89860
st_pointfromtext,,89860,,,89860
st_linefromtext,,89860,,,89860
st_linefromtext,,89860,,,89860
st_polyfromtext,,89860,,,89860
st_polyfromtext,,89860,,,89860
st_polygonfromtext,,89860,,,89860
st_polygonfromtext,,89860,,,89860
st_mlinefromtext,,89860,,,89860
st_mlinefromtext,,89860,,,89860
st_multilinestringfromtext,,89860,,,89860
st_multilinestringfromtext,,89860,,,89860
st_mpointfromtext,,89860,,,89860
st_mpointfromtext,,89860,,,89860
st_multipointfromtext,,89860,,,89860
st_mpolyfromtext,,89860,,,89860
st_mpolyfromtext,,89860,,,89860
st_multipolygonfromtext,,89860,,,89860
st_multipolygonfromtext,,89860,,,89860
st_geomcollfromtext,,89860,,,89860
st_geomcollfromtext,,89860,,,89860
st_geomfromwkb,,89860,,,89860
st_geomfromwkb,,89860,,,89860
st_pointfromwkb,,89860,,,89860
st_pointfromwkb,,89860,,,89860
st_linefromwkb,,89860,,,89860
st_linefromwkb,,89860,,,89860
st_linestringfromwkb,,89860,,,89860
st_linestringfromwkb,,89860,,,89860
st_polyfromwkb,,89860,,,89860
st_polyfromwkb,,89860,,,89860
st_polygonfromwkb,,89860,,,89860
st_polygonfromwkb,,89860,,,89860
st_mpointfromwkb,,89860,,,89860
st_mpointfromwkb,,89860,,,89860
st_multipointfromwkb,,89860,,,89860
st_multipointfromwkb,,89860,,,89860
st_multilinefromwkb,,89860,,,89860
st_mlinefromwkb,,89860,,,89860
st_mlinefromwkb,,89860,,,89860
st_mpolyfromwkb,,89860,,,89860
st_mpolyfromwkb,,89860,,,89860
st_multipolyfromwkb,,89860,,,89860
st_multipolyfromwkb,,89860,,,89860
st_geomcollfromwkb,,89860,,,89860
st_geomcollfromwkb,,89860,,,89860
_st_maxdistance,"{geom1,geom2}",701,,,701
st_maxdistance,"{geom1,geom2}",701,,,701
st_closestpoint,"{geom1,geom2}",89860,,,89860
st_shortestline,"{geom1,geom2}",89860,,,89860
_st_longestline,"{geom1,geom2}",89860,,,89860
st_longestline,"{geom1,geom2}",89860,,,89860
_st_dfullywithin,"{geom1,geom2,""}",16,,,16
st_dfullywithin,"{geom1,geom2,""}",16,,,16
st_swapordinates,"{geom,ords}",89860,,,89860
st_flipcoordinates,,89860,,,89860
st_bdpolyfromtext,,89860,,,89860
st_bdmpolyfromtext,,89860,,,89860
unlockrows,,23,,,23
lockrow,,23,,,23
lockrow,,23,,,23
lockrow,,23,,,23
lockrow,,23,,,23
addauth,,16,,,16
checkauth,,23,,,23
checkauth,,23,,,23
checkauthtrigger,,2279,,,2279
gettransactionid,,28,,,28
enablelongtransactions,,25,,,25
longtransactionsenabled,,16,,,16
disablelongtransactions,,25,,,25
geography_typmod_in,,23,,,23
geography_typmod_out,,2275,,,2275
geography_in,,90480,,,90480
geography_out,,2275,,,2275
geography_recv,,90480,,,90480
geography_send,,17,,,17
geography_analyze,,16,,,16
geography,,90480,,,90480
geography,,90480,,,90480
bytea,,17,,,17
st_astext,,25,,,25
st_astext,,25,,,25
st_geographyfromtext,,90480,,,90480
st_geogfromtext,,90480,,,90480
st_geogfromwkb,,90480,,,90480
postgis_typmod_dims,,23,,,23
postgis_typmod_srid,,23,,,23
postgis_typmod_type,,25,,,25
geography,,90480,,,90480
geometry,,89860,,,89860
geography_gist_consistent,,16,,,16
geography_gist_compress,,2281,,,2281
geography_gist_penalty,,2281,,,2281
geography_gist_picksplit,,2281,,,2281
geography_gist_union,,2281,,,2281
geography_gist_same,,2281,,,2281
geography_gist_decompress,,2281,,,2281
geography_overlaps,,16,,,16
geography_distance_knn,,701,,,701
geography_gist_distance,,701,,,701
overlaps_geog,,16,,,16
overlaps_geog,,16,,,16
overlaps_geog,,16,,,16
geog_brin_inclusion_add_value,,16,,,16
geography_lt,,16,,,16
geography_le,,16,,,16
geography_gt,,16,,,16
geography_ge,,16,,,16
geography_eq,,16,,,16
geography_cmp,,23,,,23
st_assvg,"{geog,rel,maxdecimaldigits}",25,,,25
st_assvg,,25,,,25
_st_asgml,,25,,,25
st_asgml,,25,,,25
st_asgml,"{geog,maxdecimaldigits,options}",25,,,25
st_area,"{geog,use_spheroid}",701,,,701
st_area,,701,,,701
st_asgml,"{version,geog,maxdecimaldigits,options,nprefix,id}",25,,,25
_st_askml,,25,,,25
st_askml,"{geog,maxdecimaldigits}",25,,,25
st_askml,,25,,,25
st_askml,"{version,geog,maxdecimaldigits,nprefix}",25,,,25
_st_asgeojson,,25,,,25
st_asgeojson,,25,,,25
st_asgeojson,"{geog,maxdecimaldigits,options}",25,,,25
st_asgeojson,"{gj_version,geog,maxdecimaldigits,options}",25,,,25
_st_distance,,701,,,701
_st_dwithin,,16,,,16
st_distance,,701,,,701
st_distance,,701,,,701
st_distance,,701,,,701
_st_expand,,90480,,,90480
st_dwithin,,16,,,16
st_dwithin,,16,,,16
st_dwithin,,16,,,16
_st_distanceuncached,,701,,,701
_st_distanceuncached,,701,,,701
_st_distanceuncached,,701,,,701
_st_distancetree,,701,,,701
_st_distancetree,,701,,,701
_st_dwithinuncached,,16,,,16
_st_dwithinuncached,,16,,,16
st_length,"{geog,use_spheroid}",701,,,701
st_length,,701,,,701
st_project,"{geog,distance,azimuth}",90480,,,90480
st_azimuth,"{geog1,geog2}",701,,,701
st_perimeter,"{geog,use_spheroid}",701,,,701
_st_pointoutside,,90480,,,90480
_st_covers,,16,,,16
st_covers,,16,,,16
st_covers,,16,,,16
st_coveredby,,16,,,16
st_coveredby,,16,,,16
st_segmentize,"{geog,max_segment_length}",90480,,,90480
st_intersects,,16,,,16
st_intersects,,16,,,16
_st_bestsrid,,23,,,23
_st_bestsrid,,23,,,23
st_buffer,,90480,,,90480
st_buffer,,90480,,,90480
st_buffer,,90480,,,90480
st_buffer,,89860,,,89860
st_buffer,,89860,,,89860
st_buffer,,89860,,,89860
st_intersection,,90480,,,90480
st_intersection,,89860,,,89860
st_asbinary,,17,,,17
st_asbinary,,17,,,17
st_asewkt,,25,,,25
st_asewkt,,25,,,25
geometrytype,,25,,,25
st_summary,,25,,,25
st_geohash,"{geog,maxchars}",25,,,25
st_srid,{geog},23,,,23
st_setsrid,"{geog,srid}",90480,,,90480
st_distancesphere,"{geom1,geom2}",701,,,701
st_distance_sphere,"{geom1,geom2}",701,,,701
postgis_type_name,"{geomname,coord_dimension,use_new_name}",1043,,,1043
postgis_constraint_srid,"{geomschema,geomtable,geomcolumn}",23,,,23
postgis_constraint_dims,"{geomschema,geomtable,geomcolumn}",23,,,23
postgis_constraint_type,"{geomschema,geomtable,geomcolumn}",1043,,,1043
st_3ddistance,"{geom1,geom2}",701,,,701
st_3dmaxdistance,"{geom1,geom2}",701,,,701
st_3dclosestpoint,"{geom1,geom2}",89860,,,89860
st_3dshortestline,"{geom1,geom2}",89860,,,89860
st_3dlongestline,"{geom1,geom2}",89860,,,89860
_st_3ddwithin,"{geom1,geom2,""}",16,,,16
st_3ddwithin,"{geom1,geom2,""}",16,,,16
_st_3ddfullywithin,"{geom1,geom2,""}",16,,,16
st_3ddfullywithin,"{geom1,geom2,""}",16,,,16
_st_3dintersects,"{geom1,geom2}",16,,,16
st_3dintersects,"{geom1,geom2}",16,,,16
st_coorddim,{geometry},21,,,21
st_curvetoline,,89860,,,89860
st_curvetoline,,89860,,,89860
st_hasarc,{geometry},16,,,16
st_linetocurve,{geometry},89860,,,89860
_st_orderingequals,"{geometrya,geometryb}",16,,,16
st_orderingequals,"{geometrya,geometryb}",16,,,16
st_point,,89860,,,89860
st_polygon,,89860,,,89860
st_wkbtosql,{wkb},89860,,,89860
st_locatebetween,"{geometry,frommeasure,tomeasure,leftrightoffset}",89860,,,89860
st_locatealong,"{geometry,measure,leftrightoffset}",89860,,,89860
st_locatebetweenelevations,"{geometry,fromelevation,toelevation}",89860,,,89860
st_interpolatepoint,"{line,point}",701,,,701
contains_2d,,16,,,16
is_contained_2d,,16,,,16
overlaps_2d,,16,,,16
overlaps_2d,,16,,,16
contains_2d,,16,,,16
is_contained_2d,,16,,,16
contains_2d,,16,,,16
is_contained_2d,,16,,,16
overlaps_2d,,16,,,16
overlaps_nd,,16,,,16
overlaps_nd,,16,,,16
overlaps_nd,,16,,,16
geom2d_brin_inclusion_add_value,,16,,,16
geom3d_brin_inclusion_add_value,,16,,,16
geom4d_brin_inclusion_add_value,,16,,,16
st_metadata,"{rast,upperleftx,upperlefty,width,height,scalex,scaley,skewx,skewy,srid,numbands}",2249,,,2249
st_band,"{rast,nband}",90744,,,90744
st_summarystats,"{rastertable,rastercolumn,exclude_nodata_value}",90797,,,90797
_st_concavehull,{param_inputgeom},89860,,,89860
st_concavehull,"{param_geom,param_pctconvex,param_allow_holes}",89860,,,89860
_st_asx3d,,25,,,25
st_asx3d,"{geom,maxdecimaldigits,options}",25,,,25
raster_in,,90744,,,90744
raster_out,,2275,,,2275
postgis_raster_lib_version,,25,,,25
postgis_raster_scripts_installed,,25,,,25
postgis_raster_lib_build_date,,25,,,25
postgis_gdal_version,,25,,,25
st_envelope,,89860,,,89860
st_convexhull,,89860,,,89860
st_minconvexhull,"{rast,nband}",89860,,,89860
box3d,,89887,,,89887
st_height,,23,,,23
st_numbands,,23,,,23
st_scalex,,701,,,701
st_scaley,,701,,,701
st_skewx,,701,,,701
st_skewy,,701,,,701
st_srid,,23,,,23
st_upperleftx,,701,,,701
st_upperlefty,,701,,,701
st_width,,23,,,23
st_pixelwidth,,701,,,701
st_pixelheight,,701,,,701
st_geotransform,"{"",imag,jmag,theta_i,theta_ij,xoffset,yoffset}",2249,,,2249
st_rotation,,701,,,701
st_summary,{rast},25,,,25
st_memsize,,23,,,23
st_makeemptyraster,"{width,height,upperleftx,upperlefty,scalex,scaley,skewx,skewy,srid}",90744,,,90744
st_makeemptyraster,"{width,height,upperleftx,upperlefty,pixelsize}",90744,,,90744
st_makeemptyraster,{rast},90744,,,90744
st_addband,"{rast,addbandargset}",90744,,,90744
st_addband,"{rast,index,pixeltype,initialvalue,nodataval}",90744,,,90744
st_addband,"{rast,pixeltype,initialvalue,nodataval}",90744,,,90744
st_addband,"{torast,fromrast,fromband,torastindex}",90744,,,90744
st_addband,"{torast,fromrasts,fromband,torastindex}",90744,,,90744
st_addband,"{rast,index,outdbfile,outdbindex,nodataval}",90744,,,90744
st_addband,"{rast,outdbfile,outdbindex,index,nodataval}",90744,,,90744
st_band,"{rast,nbands}",90744,,,90744
st_band,"{rast,nbands,delimiter}",90744,,,90744
_st_summarystats,"{rast,nband,exclude_nodata_value,sample_percent}",90797,,,90797
st_summarystats,"{rast,nband,exclude_nodata_value}",90797,,,90797
st_summarystats,"{rast,exclude_nodata_value}",90797,,,90797
st_approxsummarystats,"{rast,nband,exclude_nodata_value,sample_percent}",90797,,,90797
st_approxsummarystats,"{rast,nband,sample_percent}",90797,,,90797
st_approxsummarystats,"{rast,exclude_nodata_value,sample_percent}",90797,,,90797
st_approxsummarystats,"{rast,sample_percent}",90797,,,90797
_st_summarystats_finalfn,,90797,,,90797
_st_summarystats_transfn,,2281,,,2281
st_summarystatsagg,,90797,,,90797
_st_summarystats_transfn,,2281,,,2281
st_summarystatsagg,,90797,,,90797
_st_summarystats_transfn,,2281,,,2281
st_summarystatsagg,,90797,,,90797
_st_summarystats,"{rastertable,rastercolumn,nband,exclude_nodata_value,sample_percent}",90797,,,90797
st_summarystats,"{rastertable,rastercolumn,nband,exclude_nodata_value}",90797,,,90797
raster_eq,,16,,,16
st_approxsummarystats,"{rastertable,rastercolumn,nband,exclude_nodata_value,sample_percent}",90797,,,90797
st_approxsummarystats,"{rastertable,rastercolumn,nband,sample_percent}",90797,,,90797
st_approxsummarystats,"{rastertable,rastercolumn,exclude_nodata_value}",90797,,,90797
st_approxsummarystats,"{rastertable,rastercolumn,sample_percent}",90797,,,90797
_st_count,"{rast,nband,exclude_nodata_value,sample_percent}",20,,,20
st_count,"{rast,nband,exclude_nodata_value}",20,,,20
st_count,"{rast,exclude_nodata_value}",20,,,20
st_approxcount,"{rast,nband,exclude_nodata_value,sample_percent}",20,,,20
st_approxcount,"{rast,nband,sample_percent}",20,,,20
st_approxcount,"{rast,exclude_nodata_value,sample_percent}",20,,,20
st_approxcount,"{rast,sample_percent}",20,,,20
_st_countagg_finalfn,{agg},20,,,20
st_approxcount,"{rastertable,rastercolumn,sample_percent}",20,,,20
st_approxhistogram,"{rast,nband,sample_percent,bins,width,right,min,max,count,percent}",2249,,,2249
st_approxhistogram,"{rast,nband,sample_percent,bins,right,min,max,count,percent}",2249,,,2249
__st_countagg_transfn,"{agg,rast,nband,exclude_nodata_value,sample_percent}",90828,,,90828
_st_countagg_transfn,"{agg,rast,nband,exclude_nodata_value,sample_percent}",90828,,,90828
st_countagg,,20,,,20
_st_countagg_transfn,"{agg,rast,nband,exclude_nodata_value}",90828,,,90828
st_countagg,,20,,,20
_st_countagg_transfn,"{agg,rast,exclude_nodata_value}",90828,,,90828
st_countagg,,20,,,20
_st_count,"{rastertable,rastercolumn,nband,exclude_nodata_value,sample_percent}",20,,,20
st_count,"{rastertable,rastercolumn,nband,exclude_nodata_value}",20,,,20
st_count,"{rastertable,rastercolumn,exclude_nodata_value}",20,,,20
st_approxcount,"{rastertable,rastercolumn,nband,exclude_nodata_value,sample_percent}",20,,,20
st_approxcount,"{rastertable,rastercolumn,nband,sample_percent}",20,,,20
st_approxcount,"{rastertable,rastercolumn,exclude_nodata_value,sample_percent}",20,,,20
raster_overleft,,16,,,16
_st_histogram,"{rast,nband,exclude_nodata_value,sample_percent,bins,width,right,min,max,min,max,count,percent}",2249,,,2249
st_histogram,"{rast,nband,exclude_nodata_value,bins,width,right,min,max,count,percent}",2249,,,2249
st_histogram,"{rast,nband,exclude_nodata_value,bins,right,min,max,count,percent}",2249,,,2249
st_histogram,"{rast,nband,bins,width,right,min,max,count,percent}",2249,,,2249
st_histogram,"{rast,nband,bins,right,min,max,count,percent}",2249,,,2249
st_approxhistogram,"{rast,nband,exclude_nodata_value,sample_percent,bins,width,right,min,max,count,percent}",2249,,,2249
st_approxhistogram,"{rast,nband,exclude_nodata_value,sample_percent,bins,right,min,max,count,percent}",2249,,,2249
st_approxhistogram,"{rast,nband,sample_percent,min,max,count,percent}",2249,,,2249
st_approxhistogram,"{rast,sample_percent,min,max,count,percent}",2249,,,2249
raster_overright,,16,,,16
_st_histogram,"{rastertable,rastercolumn,nband,exclude_nodata_value,sample_percent,bins,width,right,min,max,count,percent}",2249,,,2249
st_histogram,"{rastertable,rastercolumn,nband,exclude_nodata_value,bins,width,right,min,max,count,percent}",2249,,,2249
st_histogram,"{rastertable,rastercolumn,nband,exclude_nodata_value,bins,right,min,max,count,percent}",2249,,,2249
st_histogram,"{rastertable,rastercolumn,nband,bins,width,right,min,max,count,percent}",2249,,,2249
st_histogram,"{rastertable,rastercolumn,nband,bins,right,min,max,count,percent}",2249,,,2249
st_approxhistogram,"{rastertable,rastercolumn,nband,exclude_nodata_value,sample_percent,bins,width,right,min,max,count,percent}",2249,,,2249
st_approxhistogram,"{rastertable,rastercolumn,nband,exclude_nodata_value,sample_percent,bins,right,min,max,count,percent}",2249,,,2249
st_approxhistogram,"{rastertable,rastercolumn,nband,sample_percent,min,max,count,percent}",2249,,,2249
st_approxhistogram,"{rastertable,rastercolumn,sample_percent,min,max,count,percent}",2249,,,2249
st_approxquantile,"{rast,quantiles,quantile,value}",2249,,,2249
st_approxhistogram,"{rastertable,rastercolumn,nband,sample_percent,bins,width,right,min,max,count,percent}",2249,,,2249
st_approxhistogram,"{rastertable,rastercolumn,nband,sample_percent,bins,right,min,max,count,percent}",2249,,,2249
_st_quantile,"{rast,nband,exclude_nodata_value,sample_percent,quantiles,quantile,value}",2249,,,2249
st_quantile,"{rast,nband,exclude_nodata_value,quantiles,quantile,value}",2249,,,2249
st_quantile,"{rast,nband,quantiles,quantile,value}",2249,,,2249
st_quantile,"{rast,quantiles,quantile,value}",2249,,,2249
st_quantile,"{rast,nband,exclude_nodata_value,quantile}",701,,,701
st_quantile,"{rast,nband,quantile}",701,,,701
st_quantile,"{rast,exclude_nodata_value,quantile}",701,,,701
st_quantile,"{rast,quantile}",701,,,701
st_approxquantile,"{rast,nband,exclude_nodata_value,sample_percent,quantiles,quantile,value}",2249,,,2249
st_approxquantile,"{rast,nband,sample_percent,quantiles,quantile,value}",2249,,,2249
st_approxquantile,"{rast,sample_percent,quantiles,quantile,value}",2249,,,2249
raster_left,,16,,,16
st_approxquantile,"{rast,nband,exclude_nodata_value,sample_percent,quantile}",701,,,701
st_approxquantile,"{rast,nband,sample_percent,quantile}",701,,,701
st_approxquantile,"{rast,sample_percent,quantile}",701,,,701
st_approxquantile,"{rast,exclude_nodata_value,quantile}",701,,,701
st_approxquantile,"{rast,quantile}",701,,,701
_st_quantile,"{rastertable,rastercolumn,nband,exclude_nodata_value,sample_percent,quantiles,quantile,value}",2249,,,2249
st_quantile,"{rastertable,rastercolumn,nband,exclude_nodata_value,quantiles,quantile,value}",2249,,,2249
st_quantile,"{rastertable,rastercolumn,nband,quantiles,quantile,value}",2249,,,2249
st_quantile,"{rastertable,rastercolumn,quantiles,quantile,value}",2249,,,2249
st_quantile,"{rastertable,rastercolumn,nband,exclude_nodata_value,quantile}",701,,,701
st_quantile,"{rastertable,rastercolumn,nband,quantile}",701,,,701
st_quantile,"{rastertable,rastercolumn,exclude_nodata_value,quantile}",701,,,701
st_quantile,"{rastertable,rastercolumn,quantile}",701,,,701
st_approxquantile,"{rastertable,rastercolumn,nband,exclude_nodata_value,sample_percent,quantiles,quantile,value}",2249,,,2249
st_aspng,"{rast,nband,options}",17,,,17
st_approxquantile,"{rastertable,rastercolumn,nband,sample_percent,quantiles,quantile,value}",2249,,,2249
st_approxquantile,"{rastertable,rastercolumn,sample_percent,quantiles,quantile,value}",2249,,,2249
st_approxquantile,"{rastertable,rastercolumn,quantiles,quantile,value}",2249,,,2249
st_approxquantile,"{rastertable,rastercolumn,nband,exclude_nodata_value,sample_percent,quantile}",701,,,701
st_approxquantile,"{rastertable,rastercolumn,nband,sample_percent,quantile}",701,,,701
st_approxquantile,"{rastertable,rastercolumn,sample_percent,quantile}",701,,,701
st_approxquantile,"{rastertable,rastercolumn,exclude_nodata_value,quantile}",701,,,701
st_approxquantile,"{rastertable,rastercolumn,quantile}",701,,,701
_st_valuecount,"{rast,nband,exclude_nodata_value,searchvalues,roundto,value,count,percent}",2249,,,2249
st_valuecount,"{rast,nband,exclude_nodata_value,searchvalues,roundto,value,count}",2249,,,2249
st_valuecount,"{rast,nband,searchvalues,roundto,value,count}",2249,,,2249
st_valuecount,"{rast,searchvalues,roundto,value,count}",2249,,,2249
st_valuecount,"{rast,nband,exclude_nodata_value,searchvalue,roundto}",23,,,23
st_valuecount,"{rast,nband,searchvalue,roundto}",23,,,23
st_valuecount,"{rast,searchvalue,roundto}",23,,,23
st_valuepercent,"{rast,nband,exclude_nodata_value,searchvalues,roundto,value,percent}",2249,,,2249
st_valuepercent,"{rast,nband,searchvalues,roundto,value,percent}",2249,,,2249
st_valuepercent,"{rast,searchvalues,roundto,value,percent}",2249,,,2249
st_valuepercent,"{rast,nband,exclude_nodata_value,searchvalue,roundto}",701,,,701
st_valuepercent,"{rast,nband,searchvalue,roundto}",701,,,701
st_valuepercent,"{rast,searchvalue,roundto}",701,,,701
_st_valuecount,"{rastertable,rastercolumn,nband,exclude_nodata_value,searchvalues,roundto,value,count,percent}",2249,,,2249
st_valuepercent,"{rastertable,rastercolumn,nband,exclude_nodata_value,searchvalue,roundto}",701,,,701
st_aspng,"{rast,nband,compression}",17,,,17
st_valuecount,"{rastertable,rastercolumn,nband,exclude_nodata_value,searchvalues,roundto,value,count}",2249,,,2249
st_valuecount,"{rastertable,rastercolumn,nband,searchvalues,roundto,value,count}",2249,,,2249
st_valuecount,"{rastertable,rastercolumn,searchvalues,roundto,value,count}",2249,,,2249
st_valuecount,"{rastertable,rastercolumn,nband,exclude_nodata_value,searchvalue,roundto}",23,,,23
st_valuecount,"{rastertable,rastercolumn,nband,searchvalue,roundto}",23,,,23
st_valuecount,"{rastertable,rastercolumn,searchvalue,roundto}",23,,,23
st_valuepercent,"{rastertable,rastercolumn,nband,exclude_nodata_value,searchvalues,roundto,value,percent}",2249,,,2249
st_valuepercent,"{rastertable,rastercolumn,nband,searchvalues,roundto,value,percent}",2249,,,2249
st_valuepercent,"{rastertable,rastercolumn,searchvalues,roundto,value,percent}",2249,,,2249
st_mapalgebra,"{rast,pixeltype,expression,nodataval}",90744,,,90744
st_valuepercent,"{rastertable,rastercolumn,nband,searchvalue,roundto}",701,,,701
st_valuepercent,"{rastertable,rastercolumn,searchvalue,roundto}",701,,,701
_st_reclass,"{rast,reclassargset}",90744,,,90744
st_reclass,"{rast,reclassargset}",90744,,,90744
st_reclass,"{rast,nband,reclassexpr,pixeltype,nodataval}",90744,,,90744
st_reclass,"{rast,reclassexpr,pixeltype}",90744,,,90744
_st_colormap,"{rast,nband,colormap,method}",90744,,,90744
st_colormap,"{rast,nband,colormap,method}",90744,,,90744
st_colormap,"{rast,colormap,method}",90744,,,90744
st_fromgdalraster,"{gdaldata,srid}",90744,,,90744
st_gdaldrivers,"{idx,short_name,long_name,create_options}",2249,,,2249
st_asgdalraster,"{rast,format,options,srid}",17,,,17
st_aspng,"{rast,nbands,compression}",17,,,17
raster_right,,16,,,16
st_astiff,"{rast,options,srid}",17,,,17
st_astiff,"{rast,nbands,options,srid}",17,,,17
st_astiff,"{rast,compression,srid}",17,,,17
st_astiff,"{rast,nbands,compression,srid}",17,,,17
st_asjpeg,"{rast,options}",17,,,17
st_asjpeg,"{rast,nbands,options}",17,,,17
st_asjpeg,"{rast,nbands,quality}",17,,,17
st_asjpeg,"{rast,nband,options}",17,,,17
st_asjpeg,"{rast,nband,quality}",17,,,17
st_aspng,"{rast,options}",17,,,17
st_aspng,"{rast,nbands,options}",17,,,17
raster_overabove,,16,,,16
_st_asraster,"{geom,scalex,scaley,width,height,pixeltype,value,nodataval,upperleftx,upperlefty,gridx,gridy,skewx,skewy,touched}",90744,,,90744
st_asraster,"{geom,scalex,scaley,gridx,gridy,pixeltype,value,nodataval,skewx,skewy,touched}",90744,,,90744
st_asraster,"{geom,scalex,scaley,pixeltype,value,nodataval,upperleftx,upperlefty,skewx,skewy,touched}",90744,,,90744
st_asraster,"{geom,width,height,gridx,gridy,pixeltype,value,nodataval,skewx,skewy,touched}",90744,,,90744
st_asraster,"{geom,width,height,pixeltype,value,nodataval,upperleftx,upperlefty,skewx,skewy,touched}",90744,,,90744
st_asraster,"{geom,scalex,scaley,gridx,gridy,pixeltype,value,nodataval,skewx,skewy,touched}",90744,,,90744
st_asraster,"{geom,scalex,scaley,pixeltype,value,nodataval,upperleftx,upperlefty,skewx,skewy,touched}",90744,,,90744
st_bandisnodata,"{rast,band,forcechecking}",16,,,16
raster_overbelow,,16,,,16
st_asraster,"{geom,width,height,gridx,gridy,pixeltype,value,nodataval,skewx,skewy,touched}",90744,,,90744
st_asraster,"{geom,width,height,pixeltype,value,nodataval,upperleftx,upperlefty,skewx,skewy,touched}",90744,,,90744
st_asraster,"{geom,ref,pixeltype,value,nodataval,touched}",90744,,,90744
st_asraster,"{geom,ref,pixeltype,value,nodataval,touched}",90744,,,90744
_st_gdalwarp,"{rast,algorithm,maxerr,srid,scalex,scaley,gridx,gridy,skewx,skewy,width,height}",90744,,,90744
st_resample,"{rast,scalex,scaley,gridx,gridy,skewx,skewy,algorithm,maxerr}",90744,,,90744
st_bandisnodata,"{rast,forcechecking}",16,,,16
st_bandpath,"{rast,band}",25,,,25
raster_above,,16,,,16
st_resample,"{rast,width,height,gridx,gridy,skewx,skewy,algorithm,maxerr}",90744,,,90744
st_resample,"{rast,ref,algorithm,maxerr,usescale}",90744,,,90744
st_resample,"{rast,ref,usescale,algorithm,maxerr}",90744,,,90744
st_transform,"{rast,srid,algorithm,maxerr,scalex,scaley}",90744,,,90744
st_transform,"{rast,srid,scalex,scaley,algorithm,maxerr}",90744,,,90744
st_transform,"{rast,srid,scalexy,algorithm,maxerr}",90744,,,90744
st_bandpixeltype,"{rast,band}",25,,,25
st_transform,"{rast,alignto,algorithm,maxerr}",90744,,,90744
st_rescale,"{rast,scalex,scaley,algorithm,maxerr}",90744,,,90744
st_rescale,"{rast,scalexy,algorithm,maxerr}",90744,,,90744
st_reskew,"{rast,skewx,skewy,algorithm,maxerr}",90744,,,90744
st_reskew,"{rast,skewxy,algorithm,maxerr}",90744,,,90744
st_snaptogrid,"{rast,gridx,gridy,algorithm,maxerr,scalex,scaley}",90744,,,90744
st_snaptogrid,"{rast,gridx,gridy,scalex,scaley,algorithm,maxerr}",90744,,,90744
st_snaptogrid,"{rast,gridx,gridy,scalexy,algorithm,maxerr}",90744,,,90744
raster_below,,16,,,16
st_resize,"{rast,width,height,algorithm,maxerr}",90744,,,90744
st_resize,"{rast,width,height,algorithm,maxerr}",90744,,,90744
st_resize,"{rast,percentwidth,percentheight,algorithm,maxerr}",90744,,,90744
st_mapalgebraexpr,"{rast,band,pixeltype,expression,nodataval}",90744,,,90744
st_mapalgebraexpr,"{rast,pixeltype,expression,nodataval}",90744,,,90744
st_mapalgebrafct,"{rast,band,pixeltype,onerastuserfunc,args}",90744,,,90744
st_mapalgebrafct,"{rast,band,pixeltype,onerastuserfunc}",90744,,,90744
st_mapalgebrafct,"{rast,band,onerastuserfunc,args}",90744,,,90744
st_mapalgebrafct,"{rast,band,onerastuserfunc}",90744,,,90744
st_mapalgebrafct,"{rast,pixeltype,onerastuserfunc,args}",90744,,,90744
st_mapalgebrafct,"{rast,pixeltype,onerastuserfunc}",90744,,,90744
st_mapalgebrafct,"{rast,onerastuserfunc,args}",90744,,,90744
st_mapalgebrafct,"{rast,onerastuserfunc}",90744,,,90744
st_bandmetadata,"{rast,band,bandnum,pixeltype,nodatavalue,isoutdb,path}",2249,,,2249
st_mapalgebraexpr,"{rast1,band1,rast2,band2,expression,pixeltype,extenttype,nodata1expr,nodata2expr,nodatanodataval}",90744,,,90744
st_mapalgebraexpr,"{rast1,rast2,expression,pixeltype,extenttype,nodata1expr,nodata2expr,nodatanodataval}",90744,,,90744
st_mapalgebrafct,"{rast1,band1,rast2,band2,tworastuserfunc,pixeltype,extenttype,userargs}",90744,,,90744
st_mapalgebrafct,"{rast1,rast2,tworastuserfunc,pixeltype,extenttype,userargs}",90744,,,90744
st_mapalgebrafctngb,"{rast,band,pixeltype,ngbwidth,ngbheight,onerastngbuserfunc,nodatamode,args}",90744,,,90744
st_max4ma,"{matrix,nodatamode,args}",701,,,701
st_min4ma,"{matrix,nodatamode,args}",701,,,701
st_sum4ma,"{matrix,nodatamode,args}",701,,,701
st_bandmetadata,"{rast,band,pixeltype,nodatavalue,isoutdb,path}",2249,,,2249
st_mean4ma,"{matrix,nodatamode,args}",701,,,701
st_range4ma,"{matrix,nodatamode,args}",701,,,701
st_distinct4ma,"{matrix,nodatamode,args}",701,,,701
st_stddev4ma,"{matrix,nodatamode,args}",701,,,701
_st_mapalgebra,"{rastbandargset,callbackfunc,pixeltype,distancex,distancey,extenttype,customextent,mask,weighted,userargs}",90744,,,90744
st_mapalgebra,"{rastbandargset,callbackfunc,pixeltype,extenttype,customextent,distancex,distancey,userargs}",90744,,,90744
st_mapalgebra,"{rast1,band1,rast2,band2,expression,pixeltype,extenttype,nodata1expr,nodata2expr,nodatanodataval}",90744,,,90744
st_value,"{rast,band,x,y,exclude_nodata_value}",701,,,701
st_mapalgebra,"{rast,nband,callbackfunc,pixeltype,extenttype,customextent,distancex,distancey,userargs}",90744,,,90744
st_mapalgebra,"{rast,nband,callbackfunc,pixeltype,extenttype,customextent,distancex,distancey,userargs}",90744,,,90744
st_mapalgebra,"{rast1,nband1,rast2,nband2,callbackfunc,pixeltype,extenttype,customextent,distancex,distancey,userargs}",90744,,,90744
st_mapalgebra,"{rast,nband,callbackfunc,mask,weighted,pixeltype,extenttype,customextent,userargs}",90744,,,90744
_st_mapalgebra,"{rastbandargset,expression,pixeltype,extenttype,nodata1expr,nodata2expr,nodatanodataval}",90744,,,90744
st_mapalgebra,"{rast,nband,pixeltype,expression,nodataval}",90744,,,90744
st_rastertoworldcoordy,"{rast,xr,yr}",701,,,701
st_mapalgebra,"{rast1,rast2,expression,pixeltype,extenttype,nodata1expr,nodata2expr,nodatanodataval}",90744,,,90744
_st_convertarray4ma,{value},1022,,,1022
st_max4ma,"{value,pos,userargs}",701,,,701
st_min4ma,"{value,pos,userargs}",701,,,701
st_sum4ma,"{value,pos,userargs}",701,,,701
st_mean4ma,"{value,pos,userargs}",701,,,701
raster_same,,16,,,16
st_range4ma,"{value,pos,userargs}",701,,,701
st_distinct4ma,"{value,pos,userargs}",701,,,701
st_stddev4ma,"{value,pos,userargs}",701,,,701
st_invdistweight4ma,"{value,pos,userargs}",701,,,701
st_mindist4ma,"{value,pos,userargs}",701,,,701
_st_slope4ma,"{value,pos,userargs}",701,,,701
st_slope,"{rast,nband,customextent,pixeltype,units,scale,interpolate_nodata}",90744,,,90744
st_slope,"{rast,nband,pixeltype,units,scale,interpolate_nodata}",90744,,,90744
_st_aspect4ma,"{value,pos,userargs}",701,,,701
st_aspect,"{rast,nband,customextent,pixeltype,units,interpolate_nodata}",90744,,,90744
st_aspect,"{rast,nband,pixeltype,units,interpolate_nodata}",90744,,,90744
_st_hillshade4ma,"{value,pos,userargs}",701,,,701
st_rastertoworldcoordy,"{rast,yr}",701,,,701
st_hillshade,"{rast,nband,customextent,pixeltype,azimuth,altitude,max_bright,scale,interpolate_nodata}",90744,,,90744
st_hillshade,"{rast,nband,pixeltype,azimuth,altitude,max_bright,scale,interpolate_nodata}",90744,,,90744
_st_tpi4ma,"{value,pos,userargs}",701,,,701
st_tpi,"{rast,nband,customextent,pixeltype,interpolate_nodata}",90744,,,90744
st_tpi,"{rast,nband,pixeltype,interpolate_nodata}",90744,,,90744
st_tri,"{rast,nband,pixeltype,interpolate_nodata}",90744,,,90744
st_isempty,{rast},16,,,16
st_hasnoband,"{rast,nband}",16,,,16
_st_roughness4ma,"{value,pos,userargs}",701,,,701
st_roughness,"{rast,nband,customextent,pixeltype,interpolate_nodata}",90744,,,90744
st_roughness,"{rast,nband,pixeltype,interpolate_nodata}",90744,,,90744
_st_tri4ma,"{value,pos,userargs}",701,,,701
st_tri,"{rast,nband,customextent,pixeltype,interpolate_nodata}",90744,,,90744
st_bandnodatavalue,"{rast,band}",701,,,701
st_value,"{rast,x,y,exclude_nodata_value}",701,,,701
st_value,"{rast,band,pt,exclude_nodata_value}",701,,,701
st_value,"{rast,pt,exclude_nodata_value}",701,,,701
st_pixelofvalue,"{rast,nband,search,exclude_nodata_value,val,x,y}",2249,,,2249
st_pixelofvalue,"{rast,search,exclude_nodata_value,val,x,y}",2249,,,2249
st_pixelofvalue,"{rast,nband,search,exclude_nodata_value,x,y}",2249,,,2249
st_pixelofvalue,"{rast,search,exclude_nodata_value,x,y}",2249,,,2249
st_georeference,"{rast,format}",25,,,25
st_setscale,"{rast,scale}",90744,,,90744
st_setscale,"{rast,scalex,scaley}",90744,,,90744
st_setskew,"{rast,skew}",90744,,,90744
st_setskew,"{rast,skewx,skewy}",90744,,,90744
st_setsrid,"{rast,srid}",90744,,,90744
st_setupperleft,"{rast,upperleftx,upperlefty}",90744,,,90744
st_setrotation,"{rast,rotation}",90744,,,90744
st_setgeotransform,"{rast,imag,jmag,theta_i,theta_ij,xoffset,yoffset}",90744,,,90744
st_setgeoreference,"{rast,georef,format}",90744,,,90744
st_setgeoreference,"{rast,upperleftx,upperlefty,scalex,scaley,skewx,skewy}",90744,,,90744
_st_tile,"{rast,width,height,nband,padwithnodata,nodataval}",90744,,,90744
st_tile,"{rast,nband,width,height,padwithnodata,nodataval}",90744,,,90744
st_tile,"{rast,nband,width,height,padwithnodata,nodataval}",90744,,,90744
st_tile,"{rast,width,height,padwithnodata,nodataval}",90744,,,90744
st_setbandnodatavalue,"{rast,band,nodatavalue,forcechecking}",90744,,,90744
st_setbandnodatavalue,"{rast,nodatavalue}",90744,,,90744
st_setbandisnodata,"{rast,band}",90744,,,90744
_st_setvalues,"{rast,nband,x,y,newvalueset,noset,hasnosetvalue,nosetvalue,keepnodata}",90744,,,90744
st_setvalues,"{rast,nband,x,y,newvalueset,noset,keepnodata}",90744,,,90744
st_setvalues,"{rast,nband,x,y,newvalueset,nosetvalue,keepnodata}",90744,,,90744
st_minpossiblevalue,{pixeltype},701,,,701
raster_contained,,16,,,16
st_setvalues,"{rast,nband,x,y,width,height,newvalue,keepnodata}",90744,,,90744
st_setvalues,"{rast,x,y,width,height,newvalue,keepnodata}",90744,,,90744
st_setvalues,"{rast,nband,geomvalset,keepnodata}",90744,,,90744
st_setvalue,"{rast,band,x,y,newvalue}",90744,,,90744
st_setvalue,"{rast,x,y,newvalue}",90744,,,90744
st_setvalue,"{rast,nband,geom,newvalue}",90744,,,90744
st_setvalue,"{rast,geom,newvalue}",90744,,,90744
st_dumpaspolygons,"{rast,band,exclude_nodata_value}",90757,,,90757
st_dumpvalues,"{rast,nband,exclude_nodata_value,nband,valarray}",2249,,,2249
st_dumpvalues,"{rast,nband,exclude_nodata_value}",1022,,,1022
st_polygon,"{rast,band}",89860,,,89860
_st_pixelaspolygons,"{rast,band,columnx,rowy,exclude_nodata_value,geom,val,x,y}",2249,,,2249
st_pixelaspolygons,"{rast,band,exclude_nodata_value,geom,val,x,y}",2249,,,2249
st_pixelaspolygon,"{rast,x,y}",89860,,,89860
st_asbinary,"{"",outasin}",17,,,17
bytea,,17,,,17
st_pixelaspoints,"{rast,band,exclude_nodata_value,geom,val,x,y}",2249,,,2249
st_pixelaspoint,"{rast,x,y}",89860,,,89860
st_pixelascentroids,"{rast,band,exclude_nodata_value,geom,val,x,y}",2249,,,2249
st_pixelascentroid,"{rast,x,y}",89860,,,89860
_st_worldtorastercoord,"{rast,longitude,latitude,columnx,rowy}",2249,,,2249
st_worldtorastercoord,"{rast,longitude,latitude,columnx,rowy}",2249,,,2249
st_worldtorastercoord,"{rast,pt,columnx,rowy}",2249,,,2249
st_worldtorastercoordx,"{rast,xw,yw}",23,,,23
st_worldtorastercoordx,"{rast,xw}",23,,,23
st_worldtorastercoordx,"{rast,pt}",23,,,23
st_worldtorastercoordy,"{rast,xw,yw}",23,,,23
st_worldtorastercoordy,"{rast,yw}",23,,,23
st_worldtorastercoordy,"{rast,pt}",23,,,23
_st_rastertoworldcoord,"{rast,columnx,rowy,longitude,latitude}",2249,,,2249
st_rastertoworldcoord,"{rast,columnx,rowy,longitude,latitude}",2249,,,2249
st_rastertoworldcoordx,"{rast,xr,yr}",701,,,701
st_rastertoworldcoordx,"{rast,xr}",701,,,701
raster_contain,,16,,,16
raster_overlap,,16,,,16
raster_geometry_contain,,16,,,16
raster_contained_by_geometry,,16,,,16
raster_geometry_overlap,,16,,,16
geometry_raster_contain,,16,,,16
geometry_contained_by_raster,,16,,,16
geometry_raster_overlap,,16,,,16
st_samealignment,"{rast1,rast2}",16,,,16
st_samealignment,"{ulx1,uly1,scalex1,scaley1,skewx1,skewy1,ulx2,uly2,scalex2,scaley2,skewx2,skewy2}",16,,,16
_st_samealignment_transfn,"{agg,rast}",91169,,,91169
_st_samealignment_finalfn,{agg},16,,,16
st_samealignment,,16,,,16
st_notsamealignmentreason,"{rast1,rast2}",25,,,25
st_iscoveragetile,"{rast,coverage,tilewidth,tileheight}",16,,,16
_st_intersects,"{rast1,nband1,rast2,nband2}",16,,,16
st_intersects,"{rast1,nband1,rast2,nband2}",16,,,16
st_intersects,"{rast1,rast2}",16,,,16
_st_intersects,"{geom,rast,nband}",16,,,16
st_intersects,"{geom,rast,nband}",16,,,16
st_intersects,"{rast,geom,nband}",16,,,16
st_intersects,"{rast,nband,geom}",16,,,16
_st_overlaps,"{rast1,nband1,rast2,nband2}",16,,,16
st_overlaps,"{rast1,nband1,rast2,nband2}",16,,,16
st_overlaps,"{rast1,rast2}",16,,,16
_st_touches,"{rast1,nband1,rast2,nband2}",16,,,16
st_touches,"{rast1,nband1,rast2,nband2}",16,,,16
st_touches,"{rast1,rast2}",16,,,16
_st_contains,"{rast1,nband1,rast2,nband2}",16,,,16
st_contains,"{rast1,nband1,rast2,nband2}",16,,,16
st_contains,"{rast1,rast2}",16,,,16
_st_containsproperly,"{rast1,nband1,rast2,nband2}",16,,,16
st_containsproperly,"{rast1,nband1,rast2,nband2}",16,,,16
st_containsproperly,"{rast1,rast2}",16,,,16
_st_covers,"{rast1,nband1,rast2,nband2}",16,,,16
st_covers,"{rast1,nband1,rast2,nband2}",16,,,16
st_covers,"{rast1,rast2}",16,,,16
_st_coveredby,"{rast1,nband1,rast2,nband2}",16,,,16
st_coveredby,"{rast1,nband1,rast2,nband2}",16,,,16
st_coveredby,"{rast1,rast2}",16,,,16
_st_within,"{rast1,nband1,rast2,nband2}",16,,,16
st_within,"{rast1,nband1,rast2,nband2}",16,,,16
st_within,"{rast1,rast2}",16,,,16
_st_dwithin,"{rast1,nband1,rast2,nband2,distance}",16,,,16
st_dwithin,"{rast1,nband1,rast2,nband2,distance}",16,,,16
st_dwithin,"{rast1,rast2,distance}",16,,,16
_st_dfullywithin,"{rast1,nband1,rast2,nband2,distance}",16,,,16
st_dfullywithin,"{rast1,nband1,rast2,nband2,distance}",16,,,16
st_dfullywithin,"{rast1,rast2,distance}",16,,,16
st_disjoint,"{rast1,nband1,rast2,nband2}",16,,,16
st_disjoint,"{rast1,rast2}",16,,,16
st_intersection,"{geomin,rast,band}",90757,,,90757
st_intersection,"{rast,band,geomin}",90757,,,90757
st_intersection,"{rast,geomin}",90757,,,90757
st_intersection,"{rast1,band1,rast2,band2,returnband,nodataval}",90744,,,90744
st_intersection,"{rast1,band1,rast2,band2,returnband,nodataval}",90744,,,90744
st_intersection,"{rast1,band1,rast2,band2,nodataval}",90744,,,90744
st_intersection,"{rast1,band1,rast2,band2,nodataval}",90744,,,90744
st_intersection,"{rast1,rast2,returnband,nodataval}",90744,,,90744
st_intersection,"{rast1,rast2,returnband,nodataval}",90744,,,90744
st_intersection,"{rast1,rast2,nodataval}",90744,,,90744
st_intersection,"{rast1,rast2,nodataval}",90744,,,90744
_st_union_finalfn,,90744,,,90744
_st_union_transfn,,2281,,,2281
st_union,,90744,,,90744
_st_union_transfn,,2281,,,2281
st_union,,90744,,,90744
_st_union_transfn,,2281,,,2281
st_union,,90744,,,90744
_st_union_transfn,,2281,,,2281
st_union,,90744,,,90744
_st_union_transfn,,2281,,,2281
st_union,,90744,,,90744
_st_clip,"{rast,nband,geom,nodataval,crop}",90744,,,90744
st_clip,"{rast,nband,geom,nodataval,crop}",90744,,,90744
st_clip,"{rast,nband,geom,nodataval,crop}",90744,,,90744
st_clip,"{rast,nband,geom,crop}",90744,,,90744
st_clip,"{rast,geom,nodataval,crop}",90744,,,90744
st_clip,"{rast,geom,nodataval,crop}",90744,,,90744
st_clip,"{rast,geom,crop}",90744,,,90744
st_nearestvalue,"{rast,band,pt,exclude_nodata_value}",701,,,701
st_nearestvalue,"{rast,pt,exclude_nodata_value}",701,,,701
st_nearestvalue,"{rast,band,columnx,rowy,exclude_nodata_value}",701,,,701
st_nearestvalue,"{rast,columnx,rowy,exclude_nodata_value}",701,,,701
_st_neighborhood,"{rast,band,columnx,rowy,distancex,distancey,exclude_nodata_value}",1022,,,1022
st_neighborhood,"{rast,band,columnx,rowy,distancex,distancey,exclude_nodata_value}",1022,,,1022
st_neighborhood,"{rast,columnx,rowy,distancex,distancey,exclude_nodata_value}",1022,,,1022
st_neighborhood,"{rast,band,pt,distancex,distancey,exclude_nodata_value}",1022,,,1022
st_neighborhood,"{rast,pt,distancex,distancey,exclude_nodata_value}",1022,,,1022
_add_raster_constraint,"{cn,sql}",16,,,16
_drop_raster_constraint,"{rastschema,rasttable,cn}",16,,,16
_raster_constraint_info_srid,"{rastschema,rasttable,rastcolumn}",23,,,23
_add_raster_constraint_srid,"{rastschema,rasttable,rastcolumn}",16,,,16
_drop_raster_constraint_srid,"{rastschema,rasttable,rastcolumn}",16,,,16
_raster_constraint_info_scale,"{rastschema,rasttable,rastcolumn,axis}",701,,,701
_add_raster_constraint_scale,"{rastschema,rasttable,rastcolumn,axis}",16,,,16
_drop_raster_constraint_scale,"{rastschema,rasttable,rastcolumn,axis}",16,,,16
_raster_constraint_info_blocksize,"{rastschema,rasttable,rastcolumn,axis}",23,,,23
_add_raster_constraint_blocksize,"{rastschema,rasttable,rastcolumn,axis}",16,,,16
_drop_raster_constraint_blocksize,"{rastschema,rasttable,rastcolumn,axis}",16,,,16
_raster_constraint_info_extent,"{rastschema,rasttable,rastcolumn}",89860,,,89860
_add_raster_constraint_extent,"{rastschema,rasttable,rastcolumn}",16,,,16
_drop_raster_constraint_extent,"{rastschema,rasttable,rastcolumn}",16,,,16
_raster_constraint_info_alignment,"{rastschema,rasttable,rastcolumn}",16,,,16
_add_raster_constraint_alignment,"{rastschema,rasttable,rastcolumn}",16,,,16
_drop_raster_constraint_alignment,"{rastschema,rasttable,rastcolumn}",16,,,16
_raster_constraint_info_spatially_unique,"{rastschema,rasttable,rastcolumn}",16,,,16
_add_raster_constraint_spatially_unique,"{rastschema,rasttable,rastcolumn}",16,,,16
_drop_raster_constraint_spatially_unique,"{rastschema,rasttable,rastcolumn}",16,,,16
_raster_constraint_info_coverage_tile,"{rastschema,rasttable,rastcolumn}",16,,,16
_add_raster_constraint_coverage_tile,"{rastschema,rasttable,rastcolumn}",16,,,16
_drop_raster_constraint_coverage_tile,"{rastschema,rasttable,rastcolumn}",16,,,16
_raster_constraint_info_regular_blocking,"{rastschema,rasttable,rastcolumn}",16,,,16
_drop_raster_constraint_regular_blocking,"{rastschema,rasttable,rastcolumn}",16,,,16
_raster_constraint_info_num_bands,"{rastschema,rasttable,rastcolumn}",23,,,23
_add_raster_constraint_num_bands,"{rastschema,rasttable,rastcolumn}",16,,,16
_drop_raster_constraint_num_bands,"{rastschema,rasttable,rastcolumn}",16,,,16
_raster_constraint_info_pixel_types,"{rastschema,rasttable,rastcolumn}",1009,,,1009
_raster_constraint_pixel_types,{rast},1009,,,1009
_add_raster_constraint_pixel_types,"{rastschema,rasttable,rastcolumn}",16,,,16
_drop_raster_constraint_pixel_types,"{rastschema,rasttable,rastcolumn}",16,,,16
_raster_constraint_info_nodata_values,"{rastschema,rasttable,rastcolumn}",1022,,,1022
_raster_constraint_nodata_values,{rast},1231,,,1231
_add_raster_constraint_nodata_values,"{rastschema,rasttable,rastcolumn}",16,,,16
_drop_raster_constraint_nodata_values,"{rastschema,rasttable,rastcolumn}",16,,,16
_raster_constraint_info_out_db,"{rastschema,rasttable,rastcolumn}",1000,,,1000
_raster_constraint_out_db,{rast},1000,,,1000
_add_raster_constraint_out_db,"{rastschema,rasttable,rastcolumn}",16,,,16
_drop_raster_constraint_out_db,"{rastschema,rasttable,rastcolumn}",16,,,16
_raster_constraint_info_index,"{rastschema,rasttable,rastcolumn}",16,,,16
addrasterconstraints,"{rastschema,rasttable,rastcolumn,constraints}",16,,,16
addrasterconstraints,"{rasttable,rastcolumn,constraints}",16,,,16
addrasterconstraints,"{rastschema,rasttable,rastcolumn,srid,scale_x,scale_y,blocksize_x,blocksize_y,same_alignment,regular_blocking,num_bands,pixel_types,nodata_values,out_db,extent}",16,,,16
addrasterconstraints,"{rasttable,rastcolumn,srid,scale_x,scale_y,blocksize_x,blocksize_y,same_alignment,regular_blocking,num_bands,pixel_types,nodata_values,out_db,extent}",16,,,16
droprasterconstraints,"{rastschema,rasttable,rastcolumn,constraints}",16,,,16
droprasterconstraints,"{rasttable,rastcolumn,constraints}",16,,,16
droprasterconstraints,"{rastschema,rasttable,rastcolumn,srid,scale_x,scale_y,blocksize_x,blocksize_y,same_alignment,regular_blocking,num_bands,pixel_types,nodata_values,out_db,extent}",16,,,16
droprasterconstraints,"{rasttable,rastcolumn,srid,scale_x,scale_y,blocksize_x,blocksize_y,same_alignment,regular_blocking,num_bands,pixel_types,nodata_values,out_db,extent}",16,,,16
_overview_constraint,"{ov,factor,refschema,reftable,refcolumn}",16,,,16
_overview_constraint_info,"{ovschema,ovtable,ovcolumn,refschema,reftable,refcolumn,factor}",2249,,,2249
_add_overview_constraint,"{ovschema,ovtable,ovcolumn,refschema,reftable,refcolumn,factor}",16,,,16
_drop_overview_constraint,"{ovschema,ovtable,ovcolumn}",16,,,16
addoverviewconstraints,"{ovschema,ovtable,ovcolumn,refschema,reftable,refcolumn,ovfactor}",16,,,16
addoverviewconstraints,"{ovtable,ovcolumn,reftable,refcolumn,ovfactor}",16,,,16
dropoverviewconstraints,"{ovschema,ovtable,ovcolumn}",16,,,16
dropoverviewconstraints,"{ovtable,ovcolumn}",16,,,16
_updaterastersrid,"{schema_name,table_name,column_name,new_srid}",16,,,16
updaterastersrid,"{schema_name,table_name,column_name,new_srid}",16,,,16
updaterastersrid,"{table_name,column_name,new_srid}",16,,,16
st_retile,"{tab,col,ext,sfx,sfy,tw,th,algo}",90744,,,90744
st_createoverview,"{tab,col,factor,algo}",2205,,,2205
postgis_noop,,89860,,,89860
